file_name,hits_num,hits_id,hits_def,hits_accession,hits_len,subject_num,bit-score,score,E-value,query_start,query_end,subject_start,subject_end,query_frame,subject_frame,N_identities,N_positives,N_gaps,alignment_length,query_alignments,subject_alignments,midline_alignments
10ptel_1-500K_1_12_12_proximal/1.xml,1,gi|224589801|ref|NC_000010.10|,"Homo sapiens chromosome 10, GRCh37.p13 Primary Assembly",NC_000010,135534747,1,91.4547,100,2.09726e-17,1,50,556310,556359,1,1,50,50,0,50,TAATCATAGGCAGTTTTCTTCTCTCCTGCACCTATATTTAGCCTGAACGT,TAATCATAGGCAGTTTTCTTCTCTCCTGCACCTATATTTAGCCTGAACGT,||||||||||||||||||||||||||||||||||||||||||||||||||
11ptel_1-500K_1_12_12_distal/1.xml,6,gi|224589802|ref|NC_000011.9|,"Homo sapiens chromosome 11, GRCh37.p13 Primary Assembly",NC_000011,135006516,1,91.4547,100,2.09726e-17,1,50,60001,60050,1,1,50,50,0,50,GAATTCTACATTAGAAAAATAAACCATAGCCTCATCACAGGCACTTAAAT,GAATTCTACATTAGAAAAATAAACCATAGCCTCATCACAGGCACTTAAAT,||||||||||||||||||||||||||||||||||||||||||||||||||
11ptel_1-500K_1_12_12_proximal/1.xml,1,gi|224589802|ref|NC_000011.9|,"Homo sapiens chromosome 11, GRCh37.p13 Primary Assembly",NC_000011,135006516,1,91.4547,100,2.09726e-17,1,50,559951,560000,1,1,50,50,0,50,TGACAGGCACTCACCTACCTGACCCCCAAACTGAAGCCTCACTTTTCCCA,TGACAGGCACTCACCTACCTGACCCCCAAACTGAAGCCTCACTTTTCCCA,||||||||||||||||||||||||||||||||||||||||||||||||||
11qtel_1-500K_1_12_12_distal/1.xml,1,gi|224589802|ref|NC_000011.9|,"Homo sapiens chromosome 11, GRCh37.p13 Primary Assembly",NC_000011,135006516,1,91.4547,100,2.09726e-17,1,50,134946464,134946415,1,-1,50,50,0,50,CCCTAACTGATCTCTGACCCTGATTATTCAGGGCTGCAAAGAGGAAGGAT,CCCTAACTGATCTCTGACCCTGATTATTCAGGGCTGCAAAGAGGAAGGAT,||||||||||||||||||||||||||||||||||||||||||||||||||
11qtel_1-500K_1_12_12_proximal/1.xml,1,gi|224589802|ref|NC_000011.9|,"Homo sapiens chromosome 11, GRCh37.p13 Primary Assembly",NC_000011,135006516,1,91.4547,100,2.09726e-17,1,50,134446514,134446465,1,-1,50,50,0,50,ACGGCAACGTGTTGCTTCTGGAAAGAAACAGCACCTGCTCCTCCTGCCCC,ACGGCAACGTGTTGCTTCTGGAAAGAAACAGCACCTGCTCCTCCTGCCCC,||||||||||||||||||||||||||||||||||||||||||||||||||
12ptel_1-500K_1_12_12_distal/1.xml,2,gi|224589803|ref|NC_000012.11|,"Homo sapiens chromosome 12, GRCh37.p13 Primary Assembly",NC_000012,133851895,1,91.4547,100,2.09726e-17,1,50,95164,95115,1,-1,50,50,0,50,CCCTAACCCTGGCGGTACCCTCAGCCGGCCCGCCCGCCCGGGTCTGACCT,CCCTAACCCTGGCGGTACCCTCAGCCGGCCCGCCCGCCCGGGTCTGACCT,||||||||||||||||||||||||||||||||||||||||||||||||||
12ptel_1-500K_1_12_12_proximal/1.xml,1,gi|224589803|ref|NC_000012.11|,"Homo sapiens chromosome 12, GRCh37.p13 Primary Assembly",NC_000012,133851895,1,91.4547,100,2.09726e-17,1,50,619692,619741,1,1,50,50,0,50,CTCTGGTGAGCTGTTTACCCGCCTCATGCCCAAGGGTGCAATGTGAGTCA,CTCTGGTGAGCTGTTTACCCGCCTCATGCCCAAGGGTGCAATGTGAGTCA,||||||||||||||||||||||||||||||||||||||||||||||||||
13qtel_1-500K_new_4_3_12_hg19orientation_proximal/1.xml,1,gi|224589804|ref|NC_000013.10|,"Homo sapiens chromosome 13, GRCh37.p13 Primary Assembly",NC_000013,115169878,1,91.4547,100,2.09726e-17,1,50,114600894,114600845,1,-1,50,50,0,50,ACAAGGTCAGGGACCTTTTTCTGTGGGCCCAGCACTGTCCACAGCCTGAG,ACAAGGTCAGGGACCTTTTTCTGTGGGCCCAGCACTGTCCACAGCCTGAG,||||||||||||||||||||||||||||||||||||||||||||||||||
14qtel_1-500K_1_12_12_proximal/1.xml,1,gi|224589805|ref|NC_000014.8|,"Homo sapiens chromosome 14, GRCh37.p13 Primary Assembly",NC_000014,107349540,1,91.4547,100,2.09726e-17,1,50,106792118,106792069,1,-1,50,50,0,50,AATATTTGTCTGAATTGCAGCAATAAATAGATCGATATTAACACAAGGAA,AATATTTGTCTGAATTGCAGCAATAAATAGATCGATATTAACACAAGGAA,||||||||||||||||||||||||||||||||||||||||||||||||||
15qtel_1-500K_1_12_12_proximal/1.xml,1,gi|224589806|ref|NC_000015.9|,"Homo sapiens chromosome 15, GRCh37.p13 Primary Assembly",NC_000015,102531392,1,91.4547,100,2.09726e-17,1,50,102021073,102021024,1,-1,50,50,0,50,AATCGTTTGCTTTTTGGAGTCACTCGATAGGCCCTGCCACGTACGTACTT,AATCGTTTGCTTTTTGGAGTCACTCGATAGGCCCTGCCACGTACGTACTT,||||||||||||||||||||||||||||||||||||||||||||||||||
16ptel_short_1-500K_1_12_12_distal/1.xml,1,gi|224589807|ref|NC_000016.9|,"Homo sapiens chromosome 16, GRCh37.p13 Primary Assembly",NC_000016,90354753,1,91.4547,100,2.09726e-17,1,50,60028,60077,1,1,50,50,0,50,CCCTAACCGACCCTCACCCTCACCCTAACCACATGAGCAATGTGGGTGTT,CCCTAACCGACCCTCACCCTCACCCTAACCACATGAGCAATGTGGGTGTT,||||||||||||||||||||||||||||||||||||||||||||||||||
16ptel_short_1-500K_1_12_12_proximal/1.xml,1,gi|224589807|ref|NC_000016.9|,"Homo sapiens chromosome 16, GRCh37.p13 Primary Assembly",NC_000016,90354753,1,91.4547,100,2.09726e-17,1,50,559978,560027,1,1,50,50,0,50,CACTTCCTGGAAATGCTGTGGCCCTTGGGCCCTGGCACCTCCACGCCCCG,CACTTCCTGGAAATGCTGTGGCCCTTGGGCCCTGGCACCTCCACGCCCCG,||||||||||||||||||||||||||||||||||||||||||||||||||
16qtel_1-500K_1_12_12_proximal/1.xml,1,gi|224589807|ref|NC_000016.9|,"Homo sapiens chromosome 16, GRCh37.p13 Primary Assembly",NC_000016,90354753,1,91.4547,100,2.09726e-17,1,50,89805717,89805668,1,-1,50,50,0,50,CACTATGTCTTTACCTCTAGTCTTCTCTCCTACTTCCATGAAGACGCGGC,CACTATGTCTTTACCTCTAGTCTTCTCTCCTACTTCCATGAAGACGCGGC,||||||||||||||||||||||||||||||||||||||||||||||||||
17ptel_1_500K_1_12_12_proximal/1.xml,1,gi|224589808|ref|NC_000017.10|,"Homo sapiens chromosome 17, GRCh37.p13 Primary Assembly",NC_000017,81195210,1,91.4547,100,2.09726e-17,1,50,508839,508888,1,1,50,50,0,50,GATGGGGGCCTGGGGTAAGAGGGGTGGCGAGAGTCCCATCATATTGGTGA,GATGGGGGCCTGGGGTAAGAGGGGTGGCGAGAGTCCCATCATATTGGTGA,||||||||||||||||||||||||||||||||||||||||||||||||||
17qtel_1-500K_1_12_12v2_proximal/1.xml,1,gi|224589808|ref|NC_000017.10|,"Homo sapiens chromosome 17, GRCh37.p13 Primary Assembly",NC_000017,81195210,1,91.4547,100,2.09726e-17,1,50,80695055,80695006,1,-1,50,50,0,50,CAAAGTACCCCAGGGAAAGCCCAGGCACAGCCTCCCCAGCCTGGCAGCCC,CAAAGTACCCCAGGGAAAGCCCAGGCACAGCCTCCCCAGCCTGGCAGCCC,||||||||||||||||||||||||||||||||||||||||||||||||||
18ptel_1-500K_1_12_12_distal/1.xml,2,gi|224589809|ref|NC_000018.9|,"Homo sapiens chromosome 18, GRCh37.p13 Primary Assembly",NC_000018,78077248,1,91.4547,100,2.09726e-17,1,50,10616,10665,1,1,50,50,0,50,CCCTAACCCTCACCCTTCTAACTGGACTCTGACCCTGATTGTTGAGGGCT,CCCTAACCCTCACCCTTCTAACTGGACTCTGACCCTGATTGTTGAGGGCT,||||||||||||||||||||||||||||||||||||||||||||||||||
18ptel_1-500K_1_12_12_proximal/1.xml,1,gi|224589809|ref|NC_000018.9|,"Homo sapiens chromosome 18, GRCh37.p13 Primary Assembly",NC_000018,78077248,1,91.4547,100,2.09726e-17,1,50,510566,510615,1,1,50,50,0,50,ATTCCTATGTGGTAGTATCTGTTGATATTATAGTCTTTGAAGACTGGCAG,ATTCCTATGTGGTAGTATCTGTTGATATTATAGTCTTTGAAGACTGGCAG,||||||||||||||||||||||||||||||||||||||||||||||||||
18qtel_1-500K_1_12_12_proximal/1.xml,1,gi|224589809|ref|NC_000018.9|,"Homo sapiens chromosome 18, GRCh37.p13 Primary Assembly",NC_000018,78077248,1,91.4547,100,2.09726e-17,1,50,77520543,77520494,1,-1,50,50,0,50,CACAGGAACATTCATGCAGACAGGCCATCAATCACACCTCAGCAAACTTA,CACAGGAACATTCATGCAGACAGGCCATCAATCACACCTCAGCAAACTTA,||||||||||||||||||||||||||||||||||||||||||||||||||
19qtel_1-500K_1_12_12_proximal/1.xml,1,gi|224589810|ref|NC_000019.9|,"Homo sapiens chromosome 19, GRCh37.p13 Primary Assembly",NC_000019,59128983,1,91.4547,100,2.09726e-17,1,50,58618914,58618865,1,-1,50,50,0,50,CTCTTGTCACCCAGGCTGCAGTGCAGTAGTGTGATCTCAGCTCCCTGCAG,CTCTTGTCACCCAGGCTGCAGTGCAGTAGTGTGATCTCAGCTCCCTGCAG,||||||||||||||||||||||||||||||||||||||||||||||||||
1ptel_1-500K_1_12_12v2_distal/1.xml,2,gi|224589800|ref|NC_000001.10|,"Homo sapiens chromosome 1, GRCh37.p13 Primary Assembly",NC_000001,249250621,1,91.4547,100,2.09726e-17,1,50,462120,462071,1,-1,50,50,0,50,GATCCTTGAAGCGCCCCCAAGGGCATCTTCTCAAAGTTGGATGTGTGCAT,GATCCTTGAAGCGCCCCCAAGGGCATCTTCTCAAAGTTGGATGTGTGCAT,||||||||||||||||||||||||||||||||||||||||||||||||||
1ptel_1-500K_1_12_12v2_distal/1.xml,2,gi|224589800|ref|NC_000001.10|,"Homo sapiens chromosome 1, GRCh37.p13 Primary Assembly",NC_000001,249250621,2,91.4547,100,2.09726e-17,1,50,521369,521418,1,1,50,50,0,50,GATCCTTGAAGCGCCCCCAAGGGCATCTTCTCAAAGTTGGATGTGTGCAT,GATCCTTGAAGCGCCCCCAAGGGCATCTTCTCAAAGTTGGATGTGTGCAT,||||||||||||||||||||||||||||||||||||||||||||||||||
1ptel_1-500K_1_12_12v2_proximal/1.xml,1,gi|224589800|ref|NC_000001.10|,"Homo sapiens chromosome 1, GRCh37.p13 Primary Assembly",NC_000001,249250621,1,91.4547,100,2.09726e-17,1,50,1021319,1021368,1,1,50,50,0,50,AGCTACGGAGAGGATGAGGCCGGAGCTAATGAAGAACGTGCCCAGGAAGA,AGCTACGGAGAGGATGAGGCCGGAGCTAATGAAGAACGTGCCCAGGAAGA,||||||||||||||||||||||||||||||||||||||||||||||||||
1qtel_1-500K_1_12_12_proximal/1.xml,1,gi|224589800|ref|NC_000001.10|,"Homo sapiens chromosome 1, GRCh37.p13 Primary Assembly",NC_000001,249250621,1,91.4547,100,2.09726e-17,1,50,248615701,248615652,1,-1,50,50,0,50,TCGCCTAGCGAAATGATTTGAATTTAAATTGCTCTCTGCATCTCCATCGA,TCGCCTAGCGAAATGATTTGAATTTAAATTGCTCTCTGCATCTCCATCGA,||||||||||||||||||||||||||||||||||||||||||||||||||
1qtel_1-500K_1_12_12_proximal/1.xml,1,gi|224589800|ref|NC_000001.10|,"Homo sapiens chromosome 1, GRCh37.p13 Primary Assembly",NC_000001,249250621,2,91.4547,100,2.09726e-17,1,50,248802959,248803008,1,1,50,50,0,50,TCGCCTAGCGAAATGATTTGAATTTAAATTGCTCTCTGCATCTCCATCGA,TCGCCTAGCGAAATGATTTGAATTTAAATTGCTCTCTGCATCTCCATCGA,||||||||||||||||||||||||||||||||||||||||||||||||||
20ptel_1-500K_1_12_12_distal/1.xml,1,gi|224589812|ref|NC_000020.10|,"Homo sapiens chromosome 20, GRCh37.p13 Primary Assembly",NC_000020,63025520,1,91.4547,100,2.09726e-17,1,50,60001,60050,1,1,50,50,0,50,GATCCAGAGGTGGAAGAGGAAGGAAGCTTGGAACCCTATAGAGTTGCTGA,GATCCAGAGGTGGAAGAGGAAGGAAGCTTGGAACCCTATAGAGTTGCTGA,||||||||||||||||||||||||||||||||||||||||||||||||||
20qtel_1-500Kshortallele_1_12_12_distal/1.xml,1,gi|224589812|ref|NC_000020.10|,"Homo sapiens chromosome 20, GRCh37.p13 Primary Assembly",NC_000020,63025520,1,91.4547,100,2.09726e-17,1,50,62918062,62918013,1,-1,50,50,0,50,CCCTAACCCTGATTATTCAGGGCTGCAAACAGAAAGGATTTTGTTCACTG,CCCTAACCCTGATTATTCAGGGCTGCAAACAGAAAGGATTTTGTTCACTG,||||||||||||||||||||||||||||||||||||||||||||||||||
20qtel_1-500Kshortallele_1_12_12_proximal/1.xml,1,gi|224589812|ref|NC_000020.10|,"Homo sapiens chromosome 20, GRCh37.p13 Primary Assembly",NC_000020,63025520,1,91.4547,100,2.09726e-17,1,50,62418007,62417958,1,-1,50,50,0,50,CTGTAGTCCCAGCTGCTCAGGAAGCTGAGGCAGGAGAATCTCTTGAACCA,CTGTAGTCCCAGCTGCTCAGGAAGCTGAGGCAGGAGAATCTCTTGAACCA,||||||||||||||||||||||||||||||||||||||||||||||||||
21qtel_1-500K_1_12_12_distal/1.xml,1,gi|224589813|ref|NC_000021.8|,"Homo sapiens chromosome 21, GRCh37.p13 Primary Assembly",NC_000021,48129895,1,91.4547,100,2.09726e-17,1,50,48119787,48119738,1,-1,50,50,0,50,CCCTAACCCTCACCCTCACCCTCACCCTCACCCTCCATGAGTAATATGTC,CCCTAACCCTCACCCTCACCCTCACCCTCACCCTCCATGAGTAATATGTC,||||||||||||||||||||||||||||||||||||||||||||||||||
21qtel_1-500K_1_12_12_proximal/1.xml,1,gi|224589813|ref|NC_000021.8|,"Homo sapiens chromosome 21, GRCh37.p13 Primary Assembly",NC_000021,48129895,1,91.4547,100,2.09726e-17,1,50,47619837,47619788,1,-1,50,50,0,50,TTCAGCTTCCTCTTCATGTTGTTCATTCTGTGGTTTCACAGATGTGTGAT,TTCAGCTTCCTCTTCATGTTGTTCATTCTGTGGTTTCACAGATGTGTGAT,||||||||||||||||||||||||||||||||||||||||||||||||||
2ptel_1-500K_1_12_12_proximal/1.xml,1,gi|224589811|ref|NC_000002.11|,"Homo sapiens chromosome 2, GRCh37.p13 Primary Assembly",NC_000002,243199373,1,91.4547,100,2.09726e-17,1,50,510213,510262,1,1,50,50,0,50,TGTCTAGTGGTCCATGTTGTCCTGTGGTTCATGTTGTCTATGTAGTCCTA,TGTCTAGTGGTCCATGTTGTCCTGTGGTTCATGTTGTCTATGTAGTCCTA,||||||||||||||||||||||||||||||||||||||||||||||||||
2qtel_1-500K_1_12_12_proximal/1.xml,1,gi|224589811|ref|NC_000002.11|,"Homo sapiens chromosome 2, GRCh37.p13 Primary Assembly",NC_000002,243199373,1,91.4547,100,2.09726e-17,1,50,242625752,242625703,1,-1,50,50,0,50,CCCGCGCGAAACCGTGGTGTCTCCCCCAAAAGTCTCCTCCAGCTCTTTTG,CCCGCGCGAAACCGTGGTGTCTCCCCCAAAAGTCTCCTCCAGCTCTTTTG,||||||||||||||||||||||||||||||||||||||||||||||||||
3ptel_1-500K_1_12_12_proximal/1.xml,1,gi|224589815|ref|NC_000003.11|,"Homo sapiens chromosome 3, GRCh37.p13 Primary Assembly",NC_000003,198022430,1,91.4547,100,2.09726e-17,1,50,553232,553281,1,1,50,50,0,50,TTATGAAATATAATAAACCTAACCTTGATAAAATGTCGTGTTATGTTTTC,TTATGAAATATAATAAACCTAACCTTGATAAAATGTCGTGTTATGTTTTC,||||||||||||||||||||||||||||||||||||||||||||||||||
3qtel_1-500K_1_12_12_distal/1.xml,7,gi|224589815|ref|NC_000003.11|,"Homo sapiens chromosome 3, GRCh37.p13 Primary Assembly",NC_000003,198022430,1,91.4547,100,2.09726e-17,1,50,197962430,197962381,1,-1,50,50,0,50,GAATTCCTAGAAACTGTTTTCCTTGTCTGCGGCCATTGTGCTGCTGCTAC,GAATTCCTAGAAACTGTTTTCCTTGTCTGCGGCCATTGTGCTGCTGCTAC,||||||||||||||||||||||||||||||||||||||||||||||||||
4ptel_1-500K_1_12_12_proximal/1.xml,1,gi|224589816|ref|NC_000004.11|,"Homo sapiens chromosome 4, GRCh37.p13 Primary Assembly",NC_000004,191154276,1,91.4547,100,2.09726e-17,1,50,510108,510157,1,1,50,50,0,50,TTGTGTTTCTGTTTTCTTAGAACTTTGAACTATCACCATTGGCAGCACCC,TTGTGTTTCTGTTTTCTTAGAACTTTGAACTATCACCATTGGCAGCACCC,||||||||||||||||||||||||||||||||||||||||||||||||||
4qtel_1-500K_1_12_12_proximal/1.xml,1,gi|224589816|ref|NC_000004.11|,"Homo sapiens chromosome 4, GRCh37.p13 Primary Assembly",NC_000004,191154276,1,91.4547,100,2.09726e-17,1,50,190543789,190543740,1,-1,50,50,0,50,AGTGTGTTTACATTCGAGTTTCAAAGGGCATTTATCTTACCTCACAATGT,AGTGTGTTTACATTCGAGTTTCAAAGGGCATTTATCTTACCTCACAATGT,||||||||||||||||||||||||||||||||||||||||||||||||||
5ptel_1-500K_1_12_12_proximal/1.xml,1,gi|224589817|ref|NC_000005.9|,"Homo sapiens chromosome 5, GRCh37.p13 Primary Assembly",NC_000005,180915260,1,91.4547,100,2.09726e-17,1,50,511758,511807,1,1,50,50,0,50,AGGCTGGCGAGGATGTGGCCACAGGAGTGTGCACCCAGCACTGCTGGAGG,AGGCTGGCGAGGATGTGGCCACAGGAGTGTGCACCCAGCACTGCTGGAGG,||||||||||||||||||||||||||||||||||||||||||||||||||
5qtel_1-500K_1_12_12_proximal/1.xml,1,gi|224589817|ref|NC_000005.9|,"Homo sapiens chromosome 5, GRCh37.p13 Primary Assembly",NC_000005,180915260,1,91.4547,100,2.09726e-17,1,50,180408126,180408077,1,-1,50,50,0,50,AGGCCTTTATGTTTTTCTCTTCATAAATCTTGTTTTCCTAGAAAAGGTGT,AGGCCTTTATGTTTTTCTCTTCATAAATCTTGTTTTCCTAGAAAAGGTGT,||||||||||||||||||||||||||||||||||||||||||||||||||
6ptel_1-500K_1_12_12_distal/1.xml,1,gi|224589818|ref|NC_000006.11|,"Homo sapiens chromosome 6, GRCh37.p13 Primary Assembly",NC_000006,171115067,1,91.4547,100,2.09726e-17,1,50,60001,60050,1,1,50,50,0,50,GATCTTATATAACTGTGAGATTAATCTCAGATAATGACACAAAATATAGT,GATCTTATATAACTGTGAGATTAATCTCAGATAATGACACAAAATATAGT,||||||||||||||||||||||||||||||||||||||||||||||||||
6ptel_1-500K_1_12_12_proximal/1.xml,1,gi|224589818|ref|NC_000006.11|,"Homo sapiens chromosome 6, GRCh37.p13 Primary Assembly",NC_000006,171115067,1,91.4547,100,2.09726e-17,1,50,559951,560000,1,1,50,50,0,50,CAGGTATGTCTAACCTGCCTGCACCTGCTTCATCTCGGGCAAGTGATTCA,CAGGTATGTCTAACCTGCCTGCACCTGCTTCATCTCGGGCAAGTGATTCA,||||||||||||||||||||||||||||||||||||||||||||||||||
6qtel_1-500K_1_12_12_proximal/1.xml,1,gi|224589818|ref|NC_000006.11|,"Homo sapiens chromosome 6, GRCh37.p13 Primary Assembly",NC_000006,171115067,1,91.4547,100,2.09726e-17,1,50,170563995,170563946,1,-1,50,50,0,50,AGAAGCTTCTGCAGCCTGGTGCCCACCAGGCCCACAGAGGAAAAGGGTTC,AGAAGCTTCTGCAGCCTGGTGCCCACCAGGCCCACAGAGGAAAAGGGTTC,||||||||||||||||||||||||||||||||||||||||||||||||||
7ptel_short_1-500K_1_12_12_distal/1.xml,1,gi|224589819|ref|NC_000007.13|,"Homo sapiens chromosome 7, GRCh37.p13 Primary Assembly",NC_000007,159138663,1,91.4547,100,2.09726e-17,1,50,10233,10282,1,1,50,50,0,50,CCCTAACCCAACATTCAAAAGCTGAGCAGGGCTTTAAAGCTATCTTATTA,CCCTAACCCAACATTCAAAAGCTGAGCAGGGCTTTAAAGCTATCTTATTA,||||||||||||||||||||||||||||||||||||||||||||||||||
7qtel_1-500K_1_12_12_distal/1.xml,1,gi|224589819|ref|NC_000007.13|,"Homo sapiens chromosome 7, GRCh37.p13 Primary Assembly",NC_000007,159138663,1,91.4547,100,2.09726e-17,1,50,159128564,159128515,1,-1,50,50,0,50,CCCTAACACTGTTAGGGTTATTATGTTGACTGTTCTCATTGCTGTCTTAG,CCCTAACACTGTTAGGGTTATTATGTTGACTGTTCTCATTGCTGTCTTAG,||||||||||||||||||||||||||||||||||||||||||||||||||
7qtel_1-500K_1_12_12_proximal/1.xml,1,gi|224589819|ref|NC_000007.13|,"Homo sapiens chromosome 7, GRCh37.p13 Primary Assembly",NC_000007,159138663,1,91.4547,100,2.09726e-17,1,50,158628614,158628565,1,-1,50,50,0,50,TCCCGCCTCAGCCTCCTAAGTAGCTGGGATTACAGGAGCGCACCACCACA,TCCCGCCTCAGCCTCCTAAGTAGCTGGGATTACAGGAGCGCACCACCACA,||||||||||||||||||||||||||||||||||||||||||||||||||
8ptel_1_500K_1_12_12_distal/1.xml,2,gi|224589820|ref|NC_000008.10|,"Homo sapiens chromosome 8, GRCh37.p13 Primary Assembly",NC_000008,146364022,1,91.4547,100,2.09726e-17,1,50,10001,10050,1,1,50,50,0,50,GCAATTATGACACAAAAAATTAAACAGTGCAGACTGATATATAAATCAAA,GCAATTATGACACAAAAAATTAAACAGTGCAGACTGATATATAAATCAAA,||||||||||||||||||||||||||||||||||||||||||||||||||
8ptel_1_500K_1_12_12_proximal/1.xml,1,gi|224589820|ref|NC_000008.10|,"Homo sapiens chromosome 8, GRCh37.p13 Primary Assembly",NC_000008,146364022,1,91.4547,100,2.09726e-17,1,50,509951,510000,1,1,50,50,0,50,TTGTCCGTTTGCAGATGACACGAGCCTATTTTTAAGAAACCTCATTATCT,TTGTCCGTTTGCAGATGACACGAGCCTATTTTTAAGAAACCTCATTATCT,||||||||||||||||||||||||||||||||||||||||||||||||||
8qtel_short_1-500K_1_12_12_proximal/1.xml,1,gi|224589820|ref|NC_000008.10|,"Homo sapiens chromosome 8, GRCh37.p13 Primary Assembly",NC_000008,146364022,1,91.4547,100,2.09726e-17,1,50,49404041,49403992,1,-1,50,50,0,50,GTGTTCTCATTGTTCATTTCCCACCTATGAATGAGAACATGTGGTGTTTG,GTGTTCTCATTGTTCATTTCCCACCTATGAATGAGAACATGTGGTGTTTG,||||||||||||||||||||||||||||||||||||||||||||||||||
8qtel_short_1-500K_1_12_12_proximal/1.xml,1,gi|224589820|ref|NC_000008.10|,"Homo sapiens chromosome 8, GRCh37.p13 Primary Assembly",NC_000008,146364022,2,91.4547,100,2.09726e-17,1,50,145798798,145798749,1,-1,50,50,0,50,GTGTTCTCATTGTTCATTTCCCACCTATGAATGAGAACATGTGGTGTTTG,GTGTTCTCATTGTTCATTTCCCACCTATGAATGAGAACATGTGGTGTTTG,||||||||||||||||||||||||||||||||||||||||||||||||||
9ptel_1-500K_1_12_12_proximal/1.xml,1,gi|224589821|ref|NC_000009.11|,"Homo sapiens chromosome 9, GRCh37.p13 Primary Assembly",NC_000009,141213431,1,91.4547,100,2.09726e-17,1,50,510304,510353,1,1,50,50,0,50,TGAGCCAAGAGCTTGAAAGGATATAAGAAGGATCATACCATTAAGTAGTT,TGAGCCAAGAGCTTGAAAGGATATAAGAAGGATCATACCATTAAGTAGTT,||||||||||||||||||||||||||||||||||||||||||||||||||
9qtel_1-500K_1_12_12_distal/1.xml,2,gi|224589821|ref|NC_000009.11|,"Homo sapiens chromosome 9, GRCh37.p13 Primary Assembly",NC_000009,141213431,1,91.4547,100,2.09726e-17,1,50,141153431,141153382,1,-1,50,50,0,50,GAATTCTTTTTCTCAGCAAAGAACATCCCTGAGAAAGAGAATGCATCCCT,GAATTCTTTTTCTCAGCAAAGAACATCCCTGAGAAAGAGAATGCATCCCT,||||||||||||||||||||||||||||||||||||||||||||||||||
9qtel_1-500K_1_12_12_proximal/1.xml,1,gi|224589821|ref|NC_000009.11|,"Homo sapiens chromosome 9, GRCh37.p13 Primary Assembly",NC_000009,141213431,1,91.4547,100,2.09726e-17,1,50,140653481,140653432,1,-1,50,50,0,50,TCAGCCTCCCGAGTAGCTGGGACTATAGGCGCCCGCCACTACGCCCGGCT,TCAGCCTCCCGAGTAGCTGGGACTATAGGCGCCCGCCACTACGCCCGGCT,||||||||||||||||||||||||||||||||||||||||||||||||||
XpYptel_1-500K_1_12_12_distal/1.xml,2,gi|224589822|ref|NC_000023.10|,"Homo sapiens chromosome X, GRCh37.p13 Primary Assembly",NC_000023,155270560,1,91.4547,100,2.09726e-17,1,50,60029,60078,1,1,50,50,0,50,CCCTAACCCTCTGAAAGTGGACCTATCAGCAGGATGTGGGTGGGAGCAGA,CCCTAACCCTCTGAAAGTGGACCTATCAGCAGGATGTGGGTGGGAGCAGA,||||||||||||||||||||||||||||||||||||||||||||||||||
XpYptel_1-500K_1_12_12_distal/1.xml,1,gi|224589823|ref|NC_000024.9|,"Homo sapiens chromosome Y, GRCh37.p13 Primary Assembly",NC_000024,59373566,1,91.4547,100,2.09726e-17,1,50,10029,10078,1,1,50,50,0,50,CCCTAACCCTCTGAAAGTGGACCTATCAGCAGGATGTGGGTGGGAGCAGA,CCCTAACCCTCTGAAAGTGGACCTATCAGCAGGATGTGGGTGGGAGCAGA,||||||||||||||||||||||||||||||||||||||||||||||||||
XpYptel_1-500K_1_12_12_proximal/1.xml,2,gi|224589822|ref|NC_000023.10|,"Homo sapiens chromosome X, GRCh37.p13 Primary Assembly",NC_000023,155270560,1,91.4547,100,2.09726e-17,1,50,638968,639017,1,1,50,50,0,50,TGCAAGATGCATACCTCCTTGTCTGGAACCCCAAATCTTTCCTTTCTGCC,TGCAAGATGCATACCTCCTTGTCTGGAACCCCAAATCTTTCCTTTCTGCC,||||||||||||||||||||||||||||||||||||||||||||||||||
XpYptel_1-500K_1_12_12_proximal/1.xml,2,gi|224589822|ref|NC_000023.10|,"Homo sapiens chromosome X, GRCh37.p13 Primary Assembly",NC_000023,155270560,2,91.4547,100,2.09726e-17,1,50,639362,639411,1,1,50,50,0,50,TGCAAGATGCATACCTCCTTGTCTGGAACCCCAAATCTTTCCTTTCTGCC,TGCAAGATGCATACCTCCTTGTCTGGAACCCCAAATCTTTCCTTTCTGCC,||||||||||||||||||||||||||||||||||||||||||||||||||
XpYptel_1-500K_1_12_12_proximal/1.xml,1,gi|224589823|ref|NC_000024.9|,"Homo sapiens chromosome Y, GRCh37.p13 Primary Assembly",NC_000024,59373566,1,91.4547,100,2.09726e-17,1,50,588968,589017,1,1,50,50,0,50,TGCAAGATGCATACCTCCTTGTCTGGAACCCCAAATCTTTCCTTTCTGCC,TGCAAGATGCATACCTCCTTGTCTGGAACCCCAAATCTTTCCTTTCTGCC,||||||||||||||||||||||||||||||||||||||||||||||||||
XpYptel_1-500K_1_12_12_proximal/1.xml,1,gi|224589823|ref|NC_000024.9|,"Homo sapiens chromosome Y, GRCh37.p13 Primary Assembly",NC_000024,59373566,2,91.4547,100,2.09726e-17,1,50,589362,589411,1,1,50,50,0,50,TGCAAGATGCATACCTCCTTGTCTGGAACCCCAAATCTTTCCTTTCTGCC,TGCAAGATGCATACCTCCTTGTCTGGAACCCCAAATCTTTCCTTTCTGCC,||||||||||||||||||||||||||||||||||||||||||||||||||
Xqtel_1-500K_1_12_12_distal/1.xml,2,gi|224589822|ref|NC_000023.10|,"Homo sapiens chromosome X, GRCh37.p13 Primary Assembly",NC_000023,155270560,1,91.4547,100,2.09726e-17,1,50,155259557,155259508,1,-1,50,50,0,50,CCCTAAGCACATGAGGAATGTGGGTGTTATATTTTGGGTATCATGTGTGC,CCCTAAGCACATGAGGAATGTGGGTGTTATATTTTGGGTATCATGTGTGC,||||||||||||||||||||||||||||||||||||||||||||||||||
Yqtel_1-500K_1_12_12_distal/1.xml,1,gi|224589823|ref|NC_000024.9|,"Homo sapiens chromosome Y, GRCh37.p13 Primary Assembly",NC_000024,59373566,1,91.4547,100,2.09726e-17,1,50,59362563,59362514,1,-1,50,50,0,50,CCCTAAGCACATGAGGAATGTGGGTGTTATATTTTGGGTATCATGTGTGC,CCCTAAGCACATGAGGAATGTGGGTGTTATATTTTGGGTATCATGTGTGC,||||||||||||||||||||||||||||||||||||||||||||||||||
Yqtel_1-500K_1_12_12_proximal/1.xml,1,gi|224589823|ref|NC_000024.9|,"Homo sapiens chromosome Y, GRCh37.p13 Primary Assembly",NC_000024,59373566,1,91.4547,100,2.09726e-17,1,50,58819867,58819818,1,-1,50,50,0,50,GAATGGAATGTAATCGAATGGAAAGTAATCCAATGGAATAGAATCTAATG,GAATGGAATGTAATCGAATGGAAAGTAATCCAATGGAATAGAATCTAATG,||||||||||||||||||||||||||||||||||||||||||||||||||
Yqtel_1-500K_1_12_12_proximal/1.xml,1,gi|224589823|ref|NC_000024.9|,"Homo sapiens chromosome Y, GRCh37.p13 Primary Assembly",NC_000024,59373566,2,91.4547,100,2.09726e-17,1,50,58823455,58823406,1,-1,50,50,0,50,GAATGGAATGTAATCGAATGGAAAGTAATCCAATGGAATAGAATCTAATG,GAATGGAATGTAATCGAATGGAAAGTAATCCAATGGAATAGAATCTAATG,||||||||||||||||||||||||||||||||||||||||||||||||||
Yqtel_1-500K_1_12_12_proximal/1.xml,1,gi|224589823|ref|NC_000024.9|,"Homo sapiens chromosome Y, GRCh37.p13 Primary Assembly",NC_000024,59373566,3,91.4547,100,2.09726e-17,1,50,58827004,58826955,1,-1,50,50,0,50,GAATGGAATGTAATCGAATGGAAAGTAATCCAATGGAATAGAATCTAATG,GAATGGAATGTAATCGAATGGAAAGTAATCCAATGGAATAGAATCTAATG,||||||||||||||||||||||||||||||||||||||||||||||||||
Yqtel_1-500K_1_12_12_proximal/1.xml,1,gi|224589823|ref|NC_000024.9|,"Homo sapiens chromosome Y, GRCh37.p13 Primary Assembly",NC_000024,59373566,4,91.4547,100,2.09726e-17,1,50,58830578,58830529,1,-1,50,50,0,50,GAATGGAATGTAATCGAATGGAAAGTAATCCAATGGAATAGAATCTAATG,GAATGGAATGTAATCGAATGGAAAGTAATCCAATGGAATAGAATCTAATG,||||||||||||||||||||||||||||||||||||||||||||||||||
Yqtel_1-500K_1_12_12_proximal/1.xml,1,gi|224589823|ref|NC_000024.9|,"Homo sapiens chromosome Y, GRCh37.p13 Primary Assembly",NC_000024,59373566,5,91.4547,100,2.09726e-17,1,50,58834127,58834078,1,-1,50,50,0,50,GAATGGAATGTAATCGAATGGAAAGTAATCCAATGGAATAGAATCTAATG,GAATGGAATGTAATCGAATGGAAAGTAATCCAATGGAATAGAATCTAATG,||||||||||||||||||||||||||||||||||||||||||||||||||
Yqtel_1-500K_1_12_12_proximal/1.xml,1,gi|224589823|ref|NC_000024.9|,"Homo sapiens chromosome Y, GRCh37.p13 Primary Assembly",NC_000024,59373566,6,91.4547,100,2.09726e-17,1,50,58841165,58841116,1,-1,50,50,0,50,GAATGGAATGTAATCGAATGGAAAGTAATCCAATGGAATAGAATCTAATG,GAATGGAATGTAATCGAATGGAAAGTAATCCAATGGAATAGAATCTAATG,||||||||||||||||||||||||||||||||||||||||||||||||||
Yqtel_1-500K_1_12_12_proximal/1.xml,1,gi|224589823|ref|NC_000024.9|,"Homo sapiens chromosome Y, GRCh37.p13 Primary Assembly",NC_000024,59373566,7,91.4547,100,2.09726e-17,1,50,58844755,58844706,1,-1,50,50,0,50,GAATGGAATGTAATCGAATGGAAAGTAATCCAATGGAATAGAATCTAATG,GAATGGAATGTAATCGAATGGAAAGTAATCCAATGGAATAGAATCTAATG,||||||||||||||||||||||||||||||||||||||||||||||||||
Yqtel_1-500K_1_12_12_proximal/1.xml,1,gi|224589823|ref|NC_000024.9|,"Homo sapiens chromosome Y, GRCh37.p13 Primary Assembly",NC_000024,59373566,8,91.4547,100,2.09726e-17,1,50,58848334,58848285,1,-1,50,50,0,50,GAATGGAATGTAATCGAATGGAAAGTAATCCAATGGAATAGAATCTAATG,GAATGGAATGTAATCGAATGGAAAGTAATCCAATGGAATAGAATCTAATG,||||||||||||||||||||||||||||||||||||||||||||||||||
Yqtel_1-500K_1_12_12_proximal/1.xml,1,gi|224589823|ref|NC_000024.9|,"Homo sapiens chromosome Y, GRCh37.p13 Primary Assembly",NC_000024,59373566,9,91.4547,100,2.09726e-17,1,50,58855457,58855408,1,-1,50,50,0,50,GAATGGAATGTAATCGAATGGAAAGTAATCCAATGGAATAGAATCTAATG,GAATGGAATGTAATCGAATGGAAAGTAATCCAATGGAATAGAATCTAATG,||||||||||||||||||||||||||||||||||||||||||||||||||
Yqtel_1-500K_1_12_12_proximal/1.xml,1,gi|224589823|ref|NC_000024.9|,"Homo sapiens chromosome Y, GRCh37.p13 Primary Assembly",NC_000024,59373566,10,91.4547,100,2.09726e-17,1,50,58859031,58858982,1,-1,50,50,0,50,GAATGGAATGTAATCGAATGGAAAGTAATCCAATGGAATAGAATCTAATG,GAATGGAATGTAATCGAATGGAAAGTAATCCAATGGAATAGAATCTAATG,||||||||||||||||||||||||||||||||||||||||||||||||||
Yqtel_1-500K_1_12_12_proximal/1.xml,1,gi|224589823|ref|NC_000024.9|,"Homo sapiens chromosome Y, GRCh37.p13 Primary Assembly",NC_000024,59373566,11,91.4547,100,2.09726e-17,1,50,58862613,58862564,1,-1,50,50,0,50,GAATGGAATGTAATCGAATGGAAAGTAATCCAATGGAATAGAATCTAATG,GAATGGAATGTAATCGAATGGAAAGTAATCCAATGGAATAGAATCTAATG,||||||||||||||||||||||||||||||||||||||||||||||||||
Yqtel_1-500K_1_12_12_proximal/1.xml,1,gi|224589823|ref|NC_000024.9|,"Homo sapiens chromosome Y, GRCh37.p13 Primary Assembly",NC_000024,59373566,12,91.4547,100,2.09726e-17,1,50,58866207,58866158,1,-1,50,50,0,50,GAATGGAATGTAATCGAATGGAAAGTAATCCAATGGAATAGAATCTAATG,GAATGGAATGTAATCGAATGGAAAGTAATCCAATGGAATAGAATCTAATG,||||||||||||||||||||||||||||||||||||||||||||||||||
Yqtel_1-500K_1_12_12_proximal/1.xml,1,gi|224589823|ref|NC_000024.9|,"Homo sapiens chromosome Y, GRCh37.p13 Primary Assembly",NC_000024,59373566,13,91.4547,100,2.09726e-17,1,50,58869795,58869746,1,-1,50,50,0,50,GAATGGAATGTAATCGAATGGAAAGTAATCCAATGGAATAGAATCTAATG,GAATGGAATGTAATCGAATGGAAAGTAATCCAATGGAATAGAATCTAATG,||||||||||||||||||||||||||||||||||||||||||||||||||
Yqtel_1-500K_1_12_12_proximal/1.xml,1,gi|224589823|ref|NC_000024.9|,"Homo sapiens chromosome Y, GRCh37.p13 Primary Assembly",NC_000024,59373566,14,91.4547,100,2.09726e-17,1,50,58873340,58873291,1,-1,50,50,0,50,GAATGGAATGTAATCGAATGGAAAGTAATCCAATGGAATAGAATCTAATG,GAATGGAATGTAATCGAATGGAAAGTAATCCAATGGAATAGAATCTAATG,||||||||||||||||||||||||||||||||||||||||||||||||||
Yqtel_1-500K_1_12_12_proximal/1.xml,1,gi|224589823|ref|NC_000024.9|,"Homo sapiens chromosome Y, GRCh37.p13 Primary Assembly",NC_000024,59373566,15,91.4547,100,2.09726e-17,1,50,58876914,58876865,1,-1,50,50,0,50,GAATGGAATGTAATCGAATGGAAAGTAATCCAATGGAATAGAATCTAATG,GAATGGAATGTAATCGAATGGAAAGTAATCCAATGGAATAGAATCTAATG,||||||||||||||||||||||||||||||||||||||||||||||||||
Yqtel_1-500K_1_12_12_proximal/1.xml,1,gi|224589823|ref|NC_000024.9|,"Homo sapiens chromosome Y, GRCh37.p13 Primary Assembly",NC_000024,59373566,16,91.4547,100,2.09726e-17,1,50,58880498,58880449,1,-1,50,50,0,50,GAATGGAATGTAATCGAATGGAAAGTAATCCAATGGAATAGAATCTAATG,GAATGGAATGTAATCGAATGGAAAGTAATCCAATGGAATAGAATCTAATG,||||||||||||||||||||||||||||||||||||||||||||||||||
Yqtel_1-500K_1_12_12_proximal/1.xml,1,gi|224589823|ref|NC_000024.9|,"Homo sapiens chromosome Y, GRCh37.p13 Primary Assembly",NC_000024,59373566,17,91.4547,100,2.09726e-17,1,50,58884012,58883963,1,-1,50,50,0,50,GAATGGAATGTAATCGAATGGAAAGTAATCCAATGGAATAGAATCTAATG,GAATGGAATGTAATCGAATGGAAAGTAATCCAATGGAATAGAATCTAATG,||||||||||||||||||||||||||||||||||||||||||||||||||
Yqtel_1-500K_1_12_12_proximal/1.xml,1,gi|224589823|ref|NC_000024.9|,"Homo sapiens chromosome Y, GRCh37.p13 Primary Assembly",NC_000024,59373566,18,91.4547,100,2.09726e-17,1,50,58887581,58887532,1,-1,50,50,0,50,GAATGGAATGTAATCGAATGGAAAGTAATCCAATGGAATAGAATCTAATG,GAATGGAATGTAATCGAATGGAAAGTAATCCAATGGAATAGAATCTAATG,||||||||||||||||||||||||||||||||||||||||||||||||||
Yqtel_1-500K_1_12_12_proximal/1.xml,1,gi|224589823|ref|NC_000024.9|,"Homo sapiens chromosome Y, GRCh37.p13 Primary Assembly",NC_000024,59373566,19,91.4547,100,2.09726e-17,1,50,58891160,58891111,1,-1,50,50,0,50,GAATGGAATGTAATCGAATGGAAAGTAATCCAATGGAATAGAATCTAATG,GAATGGAATGTAATCGAATGGAAAGTAATCCAATGGAATAGAATCTAATG,||||||||||||||||||||||||||||||||||||||||||||||||||
Yqtel_1-500K_1_12_12_proximal/1.xml,1,gi|224589823|ref|NC_000024.9|,"Homo sapiens chromosome Y, GRCh37.p13 Primary Assembly",NC_000024,59373566,20,91.4547,100,2.09726e-17,1,50,58894739,58894690,1,-1,50,50,0,50,GAATGGAATGTAATCGAATGGAAAGTAATCCAATGGAATAGAATCTAATG,GAATGGAATGTAATCGAATGGAAAGTAATCCAATGGAATAGAATCTAATG,||||||||||||||||||||||||||||||||||||||||||||||||||
Yqtel_1-500K_1_12_12_proximal/1.xml,1,gi|224589823|ref|NC_000024.9|,"Homo sapiens chromosome Y, GRCh37.p13 Primary Assembly",NC_000024,59373566,21,91.4547,100,2.09726e-17,1,50,58898298,58898249,1,-1,50,50,0,50,GAATGGAATGTAATCGAATGGAAAGTAATCCAATGGAATAGAATCTAATG,GAATGGAATGTAATCGAATGGAAAGTAATCCAATGGAATAGAATCTAATG,||||||||||||||||||||||||||||||||||||||||||||||||||
Yqtel_1-500K_1_12_12_proximal/1.xml,1,gi|224589823|ref|NC_000024.9|,"Homo sapiens chromosome Y, GRCh37.p13 Primary Assembly",NC_000024,59373566,22,91.4547,100,2.09726e-17,1,50,58905435,58905386,1,-1,50,50,0,50,GAATGGAATGTAATCGAATGGAAAGTAATCCAATGGAATAGAATCTAATG,GAATGGAATGTAATCGAATGGAAAGTAATCCAATGGAATAGAATCTAATG,||||||||||||||||||||||||||||||||||||||||||||||||||
Yqtel_1-500K_1_12_12_proximal/1.xml,1,gi|224589823|ref|NC_000024.9|,"Homo sapiens chromosome Y, GRCh37.p13 Primary Assembly",NC_000024,59373566,23,91.4547,100,2.09726e-17,1,50,58909019,58908970,1,-1,50,50,0,50,GAATGGAATGTAATCGAATGGAAAGTAATCCAATGGAATAGAATCTAATG,GAATGGAATGTAATCGAATGGAAAGTAATCCAATGGAATAGAATCTAATG,||||||||||||||||||||||||||||||||||||||||||||||||||
Yqtel_1-500K_1_12_12_proximal/1.xml,1,gi|224589823|ref|NC_000024.9|,"Homo sapiens chromosome Y, GRCh37.p13 Primary Assembly",NC_000024,59373566,24,91.4547,100,2.09726e-17,1,50,58912602,58912553,1,-1,50,50,0,50,GAATGGAATGTAATCGAATGGAAAGTAATCCAATGGAATAGAATCTAATG,GAATGGAATGTAATCGAATGGAAAGTAATCCAATGGAATAGAATCTAATG,||||||||||||||||||||||||||||||||||||||||||||||||||
Yqtel_1-500K_1_12_12_proximal/1.xml,1,gi|224589823|ref|NC_000024.9|,"Homo sapiens chromosome Y, GRCh37.p13 Primary Assembly",NC_000024,59373566,25,91.4547,100,2.09726e-17,1,50,58914572,58914523,1,-1,50,50,0,50,GAATGGAATGTAATCGAATGGAAAGTAATCCAATGGAATAGAATCTAATG,GAATGGAATGTAATCGAATGGAAAGTAATCCAATGGAATAGAATCTAATG,||||||||||||||||||||||||||||||||||||||||||||||||||
8qtel_short_1-500K_1_12_12_distal/1.xml,1,gi|224589820|ref|NC_000008.10|,"Homo sapiens chromosome 8, GRCh37.p13 Primary Assembly",NC_000008,146364022,1,75.2244,82,1.61237e-12,10,50,146298741,146298701,1,-1,41,41,0,41,TAAACTAAAGAGCTTCTGGACAGCAAAATAAACTCATCAGA,TAAACTAAAGAGCTTCTGGACAGCAAAATAAACTCATCAGA,|||||||||||||||||||||||||||||||||||||||||
10qtel_1-500K_1_12_12_proximal/1.xml,1,gi|224589801|ref|NC_000010.10|,"Homo sapiens chromosome 10, GRCh37.p13 Primary Assembly",NC_000010,135534747,1,68.0109,74,2.39297e-10,1,37,135024731,135024695,1,-1,37,37,0,37,TGGGCGTGTGGGGGCAAGGGGGTGCGTGGAGTGTCCT,TGGGCGTGTGGGGGCAAGGGGGTGCGTGGAGTGTCCT,|||||||||||||||||||||||||||||||||||||
3qtel_1-500K_1_12_12_proximal/1.xml,1,gi|224589815|ref|NC_000003.11|,"Homo sapiens chromosome 3, GRCh37.p13 Primary Assembly",NC_000003,198022430,1,68.0109,74,2.39297e-10,14,50,197462467,197462431,1,-1,37,37,0,37,GCCAAAGAAACCCCGAACTACTTTGACTAAATGATGA,GCCAAAGAAACCCCGAACTACTTTGACTAAATGATGA,|||||||||||||||||||||||||||||||||||||
Xqtel_1-500K_1_12_12_proximal/1.xml,2,gi|224589822|ref|NC_000023.10|,"Homo sapiens chromosome X, GRCh37.p13 Primary Assembly",NC_000023,155270560,1,66.2076,72,8.35229e-10,1,50,154759607,154759558,1,-1,50,50,0,50,TAAAGCTCCTTGACATTGGCCTTGGCAATGATTTTTTTGGATATCACACC,TAAAGCTCCTTGACATTGGCCTTGGCAATGATTTTTTTGGATATCACACC,||||||||||||||||||||||||||||||||||||||||||||||||||
19ptel_1-500K_1_12_12_proximal/1.xml,1,gi|224589810|ref|NC_000019.9|,"Homo sapiens chromosome 19, GRCh37.p13 Primary Assembly",NC_000019,59128983,1,55.3874,60,1.51013e-06,1,30,552114,552143,1,1,30,30,0,30,AGGCATGAGCCACTGTGCCCACGTTAATGG,AGGCATGAGCCACTGTGCCCACGTTAATGG,||||||||||||||||||||||||||||||
10ptel_1-500K_1_12_12_distal/1.xml,12,gi|224589801|ref|NC_000010.10|,"Homo sapiens chromosome 10, GRCh37.p13 Primary Assembly",NC_000010,135534747,1,53.584,58,5.27087e-06,12,50,38908706,38908744,1,1,35,35,0,39,ACCCTTCTAACTGGACTCTGACCCTGATTGTTGAGGGCT,ACCCTTTTAACTGGTCTCTGACCCTGATTATTCAGGGCT,|||||| ||||||| |||||||||||||| || ||||||
19ptel_1-500K_1_12_12_distal/1.xml,11,gi|224589810|ref|NC_000019.9|,"Homo sapiens chromosome 19, GRCh37.p13 Primary Assembly",NC_000019,59128983,1,52.6823,57,1.83972e-05,7,50,246359,246398,1,1,38,38,4,44,CCCTCGCGGTACCCTCAGCCGGCCCGCTCGCCCGGGTCTGACCT,CCCTCGCGGTGCCCTCAGCCCGCCCGC----CCGGGTCTGACCT,|||||||||| ||||||||| ||||||    |||||||||||||
